"","E.or.C","mean","n","sd","se","CI95"
"1","C",4.375,16,0.61913918736689,0.154784796841723,0.303378201809776
"2","E",3.25,8,0.462910049886276,0.163663417676994,0.320780298646909
